"","tube","rna_ctn","rna_batch1","sample","side","NCSU_RNA","row","side_tag","TAG_P","TIME","COLLECTOR","NOTE","X","X.1","Plot","Treatment","Rep","Plot_Row","Plot_Column","genotype","std_count_06102022","RNA_Q","borde","notes","leaf_number","RNA_P","leaf_tissue"
"1","L01",49,1,1,"L",1,3056,"-P1_B73_L1L",1,"12:37","SERGIO","",NA,1,"PlotVI","Low_P",6,3,3,"CTRL",4,3,"variacion","",7,26,1
"2","L02",101,1,2,"L",1,3056,"-P1_B73_L2L",1,"12:42","SERGIO","",NA,2,"PlotVI","Low_P",6,3,3,"CTRL",4,3,"variacion","",7,26,2
"3","L03",41,1,3,"L",1,3056,"-P1_B73_L3L",1,"12:43","SERGIO","",NA,3,"PlotVI","Low_P",6,3,3,"CTRL",4,3,"variacion","",7,26,3
"4","L04",94,1,4,"L",1,3056,"-P1_B73_L4L",1,"12:44","SERGIO","",NA,4,"PlotVI","Low_P",6,3,3,"CTRL",4,3,"variacion","",7,26,4
"5","L05",42,1,5,"L",2,3059,"-P1MICH_L1L",2,"12:46","SERGIO","",NA,NA,"PlotVI","Low_P",6,4,3,"INV4",4,5,"","",8,16,1
"6","L06",63,1,6,"L",2,3059,"-P1MICH_L2L",2,"12:48","SERGIO","",NA,NA,"PlotVI","Low_P",6,4,3,"INV4",4,5,"","",8,16,2
"7","L07",71,1,7,"L",2,3059,"-P1MICH_L3L",2,"12:48","SERGIO","",NA,NA,"PlotVI","Low_P",6,4,3,"INV4",4,5,"","",8,16,3
"8","L08",86,1,8,"L",2,3059,"-P1MICH_L4L",2,"12:50","SERGIO","",NA,NA,"PlotVI","Low_P",6,4,3,"INV4",4,5,"","",8,16,4
"9","L09",269,1,9,"L",3,3080,"-P2MICH_L1L",3,"12:50","SERGIO","",NA,NA,"PlotVI","Low_P",7,6,4,"INV4",6,4,"variacion","",7,22,1
"10","L10",48,1,10,"L",3,3080,"-P2MICH_L2L",3,"12:52","SERGIO","",NA,NA,"PlotVI","Low_P",7,6,4,"INV4",6,4,"variacion","",7,22,2
"11","L11",70,1,11,"L",3,3080,"-P2MICH_L3L",3,"12:53","SERGIO","",NA,NA,"PlotVI","Low_P",7,6,4,"INV4",6,4,"variacion","",7,22,3
"12","L12",179,1,12,"L",3,3080,"-P2MICH_L4L",3,"12:54","SERGIO","",NA,NA,"PlotVI","Low_P",7,6,4,"INV4",6,4,"variacion","",7,22,4
"13","L13",42,1,13,"L",4,3083,"-P2_B73_L1L",4,"12:55","SERGIO","",NA,5,"PlotVI","Low_P",7,5,4,"CTRL",7,5,"","",7,18,1
"14","L14",41,1,14,"L",4,3083,"-P2_B73_L2L",4,"12:56","SERGIO","",NA,6,"PlotVI","Low_P",7,5,4,"CTRL",7,5,"","",7,18,2
"15","L15",41,1,15,"L",4,3083,"-P2_B73_L3L",4,"12:57","SERGIO","ADD BEADS",NA,7,"PlotVI","Low_P",7,5,4,"CTRL",7,5,"","",7,18,3
"16","L16",43,1,16,"L",4,3083,"-P2_B73_L4L",4,"12:58","SERGIO","",NA,8,"PlotVI","Low_P",7,5,4,"CTRL",7,5,"","",7,18,4
"17","L17",137,2,17,"L",5,3092,"-P3MICH_L1L",5,"13:05","RUAIRIDH","",NA,NA,"PlotVI","Low_P",5,2,4,"INV4",7,4,"","",7,23,1
"18","L18",61,2,18,"L",5,3092,"-P3MICH_L2L",5,"13:06","RUAIRIDH","",NA,NA,"PlotVI","Low_P",5,2,4,"INV4",7,4,"","",7,23,2
"19","L19",56,2,19,"L",5,3092,"-P3MICH_L3L",5,"13:07","RUAIRIDH","",NA,NA,"PlotVI","Low_P",5,2,4,"INV4",7,4,"","",7,23,3
"20","L20",38,2,20,"L",5,3092,"-P3MICH_L4L",5,"13:07","RUAIRIDH","",NA,NA,"PlotVI","Low_P",5,2,4,"INV4",7,4,"","",7,23,4
"21","L21",148,2,21,"L",6,3095,"-P3_B73_L1L",6,"13:09","RUAIRIDH","",NA,9,"PlotVI","Low_P",5,1,4,"CTRL",2,2,"borde","",NA,30,1
"22","L22",72,2,22,"L",6,3095,"-P3_B73_L2L",6,"13:09","RUAIRIDH","",NA,10,"PlotVI","Low_P",5,1,4,"CTRL",2,2,"borde","",NA,30,2
"23","L23",53,2,23,"L",6,3095,"-P3_B73_L3L",6,"13:10","RUAIRIDH","",NA,11,"PlotVI","Low_P",5,1,4,"CTRL",2,2,"borde","",NA,30,3
"24","L24",173,2,24,"L",6,3095,"-P3_B73_L4L",6,"13:11","RUAIRIDH","",NA,12,"PlotVI","Low_P",5,1,4,"CTRL",2,2,"borde","",NA,30,4
"25","L25",88,2,25,"L",7,3113,"-P4_B73_L1L",7,"13:12","RUAIRIDH","",NA,13,"PlotVI","Low_P",11,6,5,"CTRL",9,5,"","",8,20,1
"26","L26",60,2,26,"L",7,3113,"-P4_B73_L2L",7,"13:13","RUAIRIDH","",NA,14,"PlotVI","Low_P",11,6,5,"CTRL",9,5,"","",8,20,2
"27","L27",56,2,27,"L",7,3113,"-P4_B73_L3L",7,"13:16","RUAIRIDH","",NA,15,"PlotVI","Low_P",11,6,5,"CTRL",9,5,"","",8,20,3
"28","L28",39,2,28,"L",7,3113,"-P4_B73_L4L",7,"13:17","RUAIRIDH","",NA,16,"PlotVI","Low_P",11,6,5,"CTRL",9,5,"","",8,20,4
"29","L29",138,2,29,"L",8,3131,"-P4MICH_L1L",8,"13:18","RUAIRIDH","",NA,NA,"PlotVI","Low_P",11,5,6,"INV4",10,4,"","",7,25,1
"30","L30",45,2,30,"L",8,3131,"-P4MICH_L2L",8,"13:19","RUAIRIDH","",NA,NA,"PlotVI","Low_P",11,5,6,"INV4",10,4,"","",7,25,2
"31","L31",42,2,31,"L",8,3131,"-P4MICH_L3L",8,"13:20","RUAIRIDH","",NA,NA,"PlotVI","Low_P",11,5,6,"INV4",10,4,"","",7,25,3
"32","L32",94,2,32,"L",8,3131,"-P4MICH_L4L",8,"13:21","RUAIRIDH","",NA,NA,"PlotVI","Low_P",11,5,6,"INV4",10,4,"","",7,25,4
"33","R33",120,NA,97,"R",9,4080,"+P1MICH_L1R",1,"12:40","RUAIRIDH","34?",NA,NA,"PlotVIII","High_P",7,6,4,"INV4",4,5,"","",9,3,1
"34","R34",187,NA,98,"R",9,4080,"+P1MICH_L2R",1,"12:41","RUAIRIDH","33?",NA,NA,"PlotVIII","High_P",7,6,4,"INV4",4,5,"","",9,3,2
"35","R35",195,NA,99,"R",9,4080,"+P1MICH_L3R",1,"12:41","RUAIRIDH","",NA,NA,"PlotVIII","High_P",7,6,4,"INV4",4,5,"","",9,3,3
"36","R36",143,NA,100,"R",9,4080,"+P1MICH_L4R",1,"12:42","RUAIRIDH","",NA,NA,"PlotVIII","High_P",7,6,4,"INV4",4,5,"","",9,3,4
"37","R37",42,NA,101,"R",10,4083,"+P1_B73_L1R",2,"12:43","RUAIRIDH","",NA,49,"PlotVIII","High_P",7,5,4,"CTRL",4,4,"","",9,5,1
"38","R38",119,NA,102,"R",10,4083,"+P1_B73_L2R",2,"12:44","RUAIRIDH","",NA,50,"PlotVIII","High_P",7,5,4,"CTRL",4,4,"","",9,5,2
"39","R39",151,NA,103,"R",10,4083,"+P1_B73_L3R",2,"12:46","RUAIRIDH","SIDE TAG CHANGE +P1_B73_L3R TO +P1_B73_L4R",NA,51,"PlotVIII","High_P",7,5,4,"CTRL",4,4,"","",9,5,3
"40","R40",179,NA,104,"R",10,4083,"+P1_B73_L4R",2,"12:45","RUAIRIDH","",NA,52,"PlotVIII","High_P",7,5,4,"CTRL",4,4,"","",9,5,4
"41","R41",1,NA,105,"R",11,4104,"+P2MICH_L1R",3,"12:47","RUAIRIDH","wrong buffer",NA,NA,"PlotVIII","High_P",10,3,5,"INV4",4,4,"","",NA,8,1
"42","R42",1,NA,106,"R",11,4104,"+P2MICH_L2R",3,"12:48","RUAIRIDH","wrong buffer",NA,NA,"PlotVIII","High_P",10,3,5,"INV4",4,4,"","",NA,8,2
"43","R43",0,NA,107,"R",11,4104,"+P2MICH_L3R",3,"12:48","RUAIRIDH","wrong buffer",NA,NA,"PlotVIII","High_P",10,3,5,"INV4",4,4,"","",NA,8,3
"44","R44",0,NA,108,"R",11,4104,"+P2MICH_L4R",3,"12:49","RUAIRIDH","wrong buffer",NA,NA,"PlotVIII","High_P",10,3,5,"INV4",4,4,"","",NA,8,4
"45","R45",117,NA,109,"R",12,4107,"+P2_B73_L1R",4,"12:50","RUAIRIDH","",NA,53,"PlotVIII","High_P",10,4,5,"CTRL",4,4,"","",7,9,1
"46","R46",95,NA,110,"R",12,4107,"+P2_B73_L2R",4,"12:51","RUAIRIDH","",NA,54,"PlotVIII","High_P",10,4,5,"CTRL",4,4,"","",7,9,2
"47","R47",196,NA,111,"R",12,4107,"+P2_B73_L3R",4,"12:52","RUAIRIDH","",NA,55,"PlotVIII","High_P",10,4,5,"CTRL",4,4,"","",7,9,3
"48","R48",162,NA,112,"R",12,4107,"+P2_B73_L4R",4,"12:52","SERGIO","",NA,56,"PlotVIII","High_P",10,4,5,"CTRL",4,4,"","",7,9,4
"49","L49",96,4,49,"L",13,4113,"+P3_B73_L1L",5,"13:05","SERGIO","",NA,25,"PlotVIII","High_P",11,6,5,"CTRL",3,4,"","",8,10,1
"50","L50",138,4,50,"L",13,4113,"+P3_B73_L2L",5,"13:06","SERGIO","",NA,26,"PlotVIII","High_P",11,6,5,"CTRL",3,4,"","",8,10,2
"51","L51",150,4,51,"L",13,4113,"+P3_B73_L3L",5,"13:07","SERGIO","",NA,27,"PlotVIII","High_P",11,6,5,"CTRL",3,4,"","",8,10,3
"52","L52",146,4,52,"L",13,4113,"+P3_B73_L4L",5,"13:08","SERGIO","",NA,28,"PlotVIII","High_P",11,6,5,"CTRL",3,4,"","",8,10,4
"53","L53",131,4,53,"L",14,4122,"+P4_B73_L1L",6,"13:09","SERGIO","",NA,29,"PlotVIII","High_P",12,8,6,"CTRL",6,4,"borde","",8,11,1
"54","L54",85,4,54,"L",14,4122,"+P4_B73_L2L",6,"13:10","SERGIO","",NA,30,"PlotVIII","High_P",12,8,6,"CTRL",6,4,"borde","",8,11,2
"55","L55",101,4,55,"L",14,4122,"+P4_B73_L3L",6,"13:11","SERGIO","",NA,31,"PlotVIII","High_P",12,8,6,"CTRL",6,4,"borde","",8,11,3
"56","L56",161,4,56,"L",14,4122,"+P4_B73_L4L",6,"13:12","SERGIO","ADD BEADS",NA,32,"PlotVIII","High_P",12,8,6,"CTRL",6,4,"borde","",8,11,4
"57","L57",182,4,57,"L",15,4125,"+P4MICH_L1L",7,"13:12","SERGIO","",NA,NA,"PlotVIII","High_P",12,7,6,"INV4",6,4,"","",8,12,1
"58","L58",163,4,58,"L",15,4125,"+P4MICH_L2L",7,"13:14","SERGIO","",NA,NA,"PlotVIII","High_P",12,7,6,"INV4",6,4,"","",8,12,2
"59","L59",95,4,59,"L",15,4125,"+P4MICH_L3L",7,"13:15","SERGIO","",NA,NA,"PlotVIII","High_P",12,7,6,"INV4",6,4,"","",8,12,3
"60","L60",213,4,60,"L",15,4125,"+P4MICH_L4L",7,"13:16","SERGIO","",NA,NA,"PlotVIII","High_P",12,7,6,"INV4",6,4,"","",8,12,4
"61","L61",120,4,61,"L",16,4131,"+P3MICH_L1L",8,"13:17","SERGIO","",NA,NA,"PlotVIII","High_P",11,5,6,"INV4",5,5,"","",8,4,1
"62","L62",103,4,62,"L",16,4131,"+P3MICH_L2L",8,"13:20","SERGIO","",NA,NA,"PlotVIII","High_P",11,5,6,"INV4",5,5,"","",8,4,2
"63","L63",186,4,63,"L",16,4131,"+P3MICH_L3L",8,"13:21","SERGIO","",NA,NA,"PlotVIII","High_P",11,5,6,"INV4",5,5,"","",8,4,3
"64","L64",82,4,64,"L",16,4131,"+P3MICH_L4L",8,"13:22","SERGIO","",NA,NA,"PlotVIII","High_P",11,5,6,"INV4",5,5,"","",8,4,4
