"tube","rna_ctn","rna_batch1","tube_n","side","NCSU_RNA_plant","Treatment","genotype","leaf_tissue","side_tag","TIME","decimal_time","row","COLLECTOR","NOTE","S","Plot","Rep","Plot_Row","Plot_Column","std_count_06102022","RNA_Q","borde","notes","leaf_number","RNA_P"
"L01",49,1,1,"L",1,"Low_P","CTRL",1,"-P1_B73_L1L",12H 37M 0S,12.6166666666667,3056,"SERGIO","",1,"PlotVI",6,3,3,4,3,"variacion","",7,26
"L02",101,1,2,"L",1,"Low_P","CTRL",2,"-P1_B73_L2L",12H 42M 0S,12.7,3056,"SERGIO","",2,"PlotVI",6,3,3,4,3,"variacion","",7,26
"L03",41,1,3,"L",1,"Low_P","CTRL",3,"-P1_B73_L3L",12H 43M 0S,12.7166666666667,3056,"SERGIO","",3,"PlotVI",6,3,3,4,3,"variacion","",7,26
"L04",94,1,4,"L",1,"Low_P","CTRL",4,"-P1_B73_L4L",12H 44M 0S,12.7333333333333,3056,"SERGIO","",4,"PlotVI",6,3,3,4,3,"variacion","",7,26
"L05",42,1,5,"L",2,"Low_P","INV4",1,"-P1MICH_L1L",12H 46M 0S,12.7666666666667,3059,"SERGIO","",NA,"PlotVI",6,4,3,4,5,"","",8,16
"L06",63,1,6,"L",2,"Low_P","INV4",2,"-P1MICH_L2L",12H 48M 0S,12.8,3059,"SERGIO","",NA,"PlotVI",6,4,3,4,5,"","",8,16
"L07",71,1,7,"L",2,"Low_P","INV4",3,"-P1MICH_L3L",12H 48M 0S,12.8,3059,"SERGIO","",NA,"PlotVI",6,4,3,4,5,"","",8,16
"L08",86,1,8,"L",2,"Low_P","INV4",4,"-P1MICH_L4L",12H 50M 0S,12.8333333333333,3059,"SERGIO","",NA,"PlotVI",6,4,3,4,5,"","",8,16
"L09",269,1,9,"L",3,"Low_P","INV4",1,"-P2MICH_L1L",12H 50M 0S,12.8333333333333,3080,"SERGIO","",NA,"PlotVI",7,6,4,6,4,"variacion","",7,22
"L10",48,1,10,"L",3,"Low_P","INV4",2,"-P2MICH_L2L",12H 52M 0S,12.8666666666667,3080,"SERGIO","",NA,"PlotVI",7,6,4,6,4,"variacion","",7,22
"L11",70,1,11,"L",3,"Low_P","INV4",3,"-P2MICH_L3L",12H 53M 0S,12.8833333333333,3080,"SERGIO","",NA,"PlotVI",7,6,4,6,4,"variacion","",7,22
"L12",179,1,12,"L",3,"Low_P","INV4",4,"-P2MICH_L4L",12H 54M 0S,12.9,3080,"SERGIO","",NA,"PlotVI",7,6,4,6,4,"variacion","",7,22
"L13",42,1,13,"L",4,"Low_P","CTRL",1,"-P2_B73_L1L",12H 55M 0S,12.9166666666667,3083,"SERGIO","",5,"PlotVI",7,5,4,7,5,"","",7,18
"L14",41,1,14,"L",4,"Low_P","CTRL",2,"-P2_B73_L2L",12H 56M 0S,12.9333333333333,3083,"SERGIO","",6,"PlotVI",7,5,4,7,5,"","",7,18
"L15",41,1,15,"L",4,"Low_P","CTRL",3,"-P2_B73_L3L",12H 57M 0S,12.95,3083,"SERGIO","ADD BEADS",7,"PlotVI",7,5,4,7,5,"","",7,18
"L16",43,1,16,"L",4,"Low_P","CTRL",4,"-P2_B73_L4L",12H 58M 0S,12.9666666666667,3083,"SERGIO","",8,"PlotVI",7,5,4,7,5,"","",7,18
"L17",137,2,17,"L",5,"Low_P","INV4",1,"-P3MICH_L1L",13H 5M 0S,13.0833333333333,3092,"RUAIRIDH","",NA,"PlotVI",5,2,4,7,4,"","",7,23
"L18",61,2,18,"L",5,"Low_P","INV4",2,"-P3MICH_L2L",13H 6M 0S,13.1,3092,"RUAIRIDH","",NA,"PlotVI",5,2,4,7,4,"","",7,23
"L19",56,2,19,"L",5,"Low_P","INV4",3,"-P3MICH_L3L",13H 7M 0S,13.1166666666667,3092,"RUAIRIDH","",NA,"PlotVI",5,2,4,7,4,"","",7,23
"L20",38,2,20,"L",5,"Low_P","INV4",4,"-P3MICH_L4L",13H 7M 0S,13.1166666666667,3092,"RUAIRIDH","",NA,"PlotVI",5,2,4,7,4,"","",7,23
"L21",148,2,21,"L",6,"Low_P","CTRL",1,"-P3_B73_L1L",13H 9M 0S,13.15,3095,"RUAIRIDH","",9,"PlotVI",5,1,4,2,2,"borde","",NA,30
"L22",72,2,22,"L",6,"Low_P","CTRL",2,"-P3_B73_L2L",13H 9M 0S,13.15,3095,"RUAIRIDH","",10,"PlotVI",5,1,4,2,2,"borde","",NA,30
"L23",53,2,23,"L",6,"Low_P","CTRL",3,"-P3_B73_L3L",13H 10M 0S,13.1666666666667,3095,"RUAIRIDH","",11,"PlotVI",5,1,4,2,2,"borde","",NA,30
"L24",173,2,24,"L",6,"Low_P","CTRL",4,"-P3_B73_L4L",13H 11M 0S,13.1833333333333,3095,"RUAIRIDH","",12,"PlotVI",5,1,4,2,2,"borde","",NA,30
"L25",88,2,25,"L",7,"Low_P","CTRL",1,"-P4_B73_L1L",13H 12M 0S,13.2,3113,"RUAIRIDH","",13,"PlotVI",11,6,5,9,5,"","",8,20
"L26",60,2,26,"L",7,"Low_P","CTRL",2,"-P4_B73_L2L",13H 13M 0S,13.2166666666667,3113,"RUAIRIDH","",14,"PlotVI",11,6,5,9,5,"","",8,20
"L27",56,2,27,"L",7,"Low_P","CTRL",3,"-P4_B73_L3L",13H 16M 0S,13.2666666666667,3113,"RUAIRIDH","",15,"PlotVI",11,6,5,9,5,"","",8,20
"L28",39,2,28,"L",7,"Low_P","CTRL",4,"-P4_B73_L4L",13H 17M 0S,13.2833333333333,3113,"RUAIRIDH","",16,"PlotVI",11,6,5,9,5,"","",8,20
"L29",138,2,29,"L",8,"Low_P","INV4",1,"-P4MICH_L1L",13H 18M 0S,13.3,3131,"RUAIRIDH","",NA,"PlotVI",11,5,6,10,4,"","",7,25
"L30",45,2,30,"L",8,"Low_P","INV4",2,"-P4MICH_L2L",13H 19M 0S,13.3166666666667,3131,"RUAIRIDH","",NA,"PlotVI",11,5,6,10,4,"","",7,25
"L31",42,2,31,"L",8,"Low_P","INV4",3,"-P4MICH_L3L",13H 20M 0S,13.3333333333333,3131,"RUAIRIDH","",NA,"PlotVI",11,5,6,10,4,"","",7,25
"L32",94,2,32,"L",8,"Low_P","INV4",4,"-P4MICH_L4L",13H 21M 0S,13.35,3131,"RUAIRIDH","",NA,"PlotVI",11,5,6,10,4,"","",7,25
"R33",120,NA,97,"R",9,"High_P","INV4",2,"+P1MICH_L1R",12H 40M 0S,12.6666666666667,4080,"RUAIRIDH","34?",NA,"PlotVIII",7,6,4,4,5,"","",9,3
"R34",187,NA,98,"R",9,"High_P","INV4",1,"+P1MICH_L2R",12H 41M 0S,12.6833333333333,4080,"RUAIRIDH","33?",NA,"PlotVIII",7,6,4,4,5,"","",9,3
"R35",195,NA,99,"R",9,"High_P","INV4",3,"+P1MICH_L3R",12H 41M 0S,12.6833333333333,4080,"RUAIRIDH","",NA,"PlotVIII",7,6,4,4,5,"","",9,3
"R36",143,NA,100,"R",9,"High_P","INV4",4,"+P1MICH_L4R",12H 42M 0S,12.7,4080,"RUAIRIDH","",NA,"PlotVIII",7,6,4,4,5,"","",9,3
"R37",42,NA,101,"R",10,"High_P","CTRL",1,"+P1_B73_L1R",12H 43M 0S,12.7166666666667,4083,"RUAIRIDH","",49,"PlotVIII",7,5,4,4,4,"","",9,5
"R38",119,NA,102,"R",10,"High_P","CTRL",2,"+P1_B73_L2R",12H 44M 0S,12.7333333333333,4083,"RUAIRIDH","",50,"PlotVIII",7,5,4,4,4,"","",9,5
"R39",151,NA,103,"R",10,"High_P","CTRL",3,"+P1_B73_L3R",12H 46M 0S,12.7666666666667,4083,"RUAIRIDH","SIDE TAG CHANGE +P1_B73_L3R TO +P1_B73_L4R",51,"PlotVIII",7,5,4,4,4,"","",9,5
"R40",179,NA,104,"R",10,"High_P","CTRL",4,"+P1_B73_L4R",12H 45M 0S,12.75,4083,"RUAIRIDH","",52,"PlotVIII",7,5,4,4,4,"","",9,5
"R41",1,NA,105,"R",11,"High_P","INV4",1,"+P2MICH_L1R",12H 47M 0S,12.7833333333333,4104,"RUAIRIDH","wrong buffer",NA,"PlotVIII",10,3,5,4,4,"","",NA,8
"R42",1,NA,106,"R",11,"High_P","INV4",2,"+P2MICH_L2R",12H 48M 0S,12.8,4104,"RUAIRIDH","wrong buffer",NA,"PlotVIII",10,3,5,4,4,"","",NA,8
"R43",0,NA,107,"R",11,"High_P","INV4",3,"+P2MICH_L3R",12H 48M 0S,12.8,4104,"RUAIRIDH","wrong buffer",NA,"PlotVIII",10,3,5,4,4,"","",NA,8
"R44",0,NA,108,"R",11,"High_P","INV4",4,"+P2MICH_L4R",12H 49M 0S,12.8166666666667,4104,"RUAIRIDH","wrong buffer",NA,"PlotVIII",10,3,5,4,4,"","",NA,8
"R45",117,NA,109,"R",12,"High_P","CTRL",1,"+P2_B73_L1R",12H 50M 0S,12.8333333333333,4107,"RUAIRIDH","",53,"PlotVIII",10,4,5,4,4,"","",7,9
"R46",95,NA,110,"R",12,"High_P","CTRL",2,"+P2_B73_L2R",12H 51M 0S,12.85,4107,"RUAIRIDH","",54,"PlotVIII",10,4,5,4,4,"","",7,9
"R47",196,NA,111,"R",12,"High_P","CTRL",3,"+P2_B73_L3R",12H 52M 0S,12.8666666666667,4107,"RUAIRIDH","",55,"PlotVIII",10,4,5,4,4,"","",7,9
"R48",162,NA,112,"R",12,"High_P","CTRL",4,"+P2_B73_L4R",12H 52M 0S,12.8666666666667,4107,"SERGIO","",56,"PlotVIII",10,4,5,4,4,"","",7,9
"L49",96,4,49,"L",13,"High_P","CTRL",1,"+P3_B73_L1L",13H 5M 0S,13.0833333333333,4113,"SERGIO","",25,"PlotVIII",11,6,5,3,4,"","",8,10
"L50",138,4,50,"L",13,"High_P","CTRL",2,"+P3_B73_L2L",13H 6M 0S,13.1,4113,"SERGIO","",26,"PlotVIII",11,6,5,3,4,"","",8,10
"L51",150,4,51,"L",13,"High_P","CTRL",3,"+P3_B73_L3L",13H 7M 0S,13.1166666666667,4113,"SERGIO","",27,"PlotVIII",11,6,5,3,4,"","",8,10
"L52",146,4,52,"L",13,"High_P","CTRL",4,"+P3_B73_L4L",13H 8M 0S,13.1333333333333,4113,"SERGIO","",28,"PlotVIII",11,6,5,3,4,"","",8,10
"L53",131,4,53,"L",14,"High_P","CTRL",1,"+P4_B73_L1L",13H 9M 0S,13.15,4122,"SERGIO","",29,"PlotVIII",12,8,6,6,4,"borde","",8,11
"L54",85,4,54,"L",14,"High_P","CTRL",2,"+P4_B73_L2L",13H 10M 0S,13.1666666666667,4122,"SERGIO","",30,"PlotVIII",12,8,6,6,4,"borde","",8,11
"L55",101,4,55,"L",14,"High_P","CTRL",3,"+P4_B73_L3L",13H 11M 0S,13.1833333333333,4122,"SERGIO","",31,"PlotVIII",12,8,6,6,4,"borde","",8,11
"L56",161,4,56,"L",14,"High_P","CTRL",4,"+P4_B73_L4L",13H 12M 0S,13.2,4122,"SERGIO","ADD BEADS",32,"PlotVIII",12,8,6,6,4,"borde","",8,11
"L57",182,4,57,"L",15,"High_P","INV4",1,"+P4MICH_L1L",13H 12M 0S,13.2,4125,"SERGIO","",NA,"PlotVIII",12,7,6,6,4,"","",8,12
"L58",163,4,58,"L",15,"High_P","INV4",2,"+P4MICH_L2L",13H 14M 0S,13.2333333333333,4125,"SERGIO","",NA,"PlotVIII",12,7,6,6,4,"","",8,12
"L59",95,4,59,"L",15,"High_P","INV4",3,"+P4MICH_L3L",13H 15M 0S,13.25,4125,"SERGIO","",NA,"PlotVIII",12,7,6,6,4,"","",8,12
"L60",213,4,60,"L",15,"High_P","INV4",4,"+P4MICH_L4L",13H 16M 0S,13.2666666666667,4125,"SERGIO","",NA,"PlotVIII",12,7,6,6,4,"","",8,12
"L61",120,4,61,"L",16,"High_P","INV4",1,"+P3MICH_L1L",13H 17M 0S,13.2833333333333,4131,"SERGIO","",NA,"PlotVIII",11,5,6,5,5,"","",8,4
"L62",103,4,62,"L",16,"High_P","INV4",2,"+P3MICH_L2L",13H 20M 0S,13.3333333333333,4131,"SERGIO","",NA,"PlotVIII",11,5,6,5,5,"","",8,4
"L63",186,4,63,"L",16,"High_P","INV4",3,"+P3MICH_L3L",13H 21M 0S,13.35,4131,"SERGIO","",NA,"PlotVIII",11,5,6,5,5,"","",8,4
"L64",82,4,64,"L",16,"High_P","INV4",4,"+P3MICH_L4L",13H 22M 0S,13.3666666666667,4131,"SERGIO","",NA,"PlotVIII",11,5,6,5,5,"","",8,4
